ProductID,ProductType,ProductName,AcquisitionDate,CustomerID,CustomerName,TotalAccountBalance,TotalLiabilities,PreferredChannel,dob,city,gender,income,joinDate,maritalStatus
P003,Credit Card,Rewards Plus,20/8/2025,C001,Customer 001,"139,314.00","356,864.00",Email,13/3/1980,Ballarat,Male,"135,863.00",2/11/2020,Married
error,Term Deposit,Saver Premium,6/5/2025 15:16,,Customer 001,"18,379.00","392,306.00",Email,13/3/1980,Ballarat,Male,"135,863.00",2/11/2020,Married
P002,Savings Account,Saver Basic,15/9/2025,C001,Customer 001,"17,314.00","390,976.00",Email,13/3/1980,Ballarat,,"135,863.00",2/11/2020,Married
P004,Home Loan,Variable Home Loan,16/5/2025,C002,-9999,,"387,883.00",Call Center,14/7/1965,Townsville,999999999,"72,453.00",8/2/2020,Single
P003,Credit Card,Rewards Plus,24/8/2025 15:54,C002,???,"125,569.00","477,346.00",Call Center,14/7/1965,Townsville,Male,"72,453.00",8/2/2020,Single
P001,Term Deposit,Saver Premium,28/5/2025,C002,,NULL,"40,617.00",Call Center,14/7/1965,Townsville,Male,"72,453.00",8/2/2020,Single
undefined,Savings Account,Saver Basic,5/6/2025 19:36,error,Customer 003,"126,463.00","31,803.00",Call Center,2/7/1997,Adelaide,Female,"149,874.00",2/4/2020,Single
P003,Credit Card,Rewards Plus,6/9/2025 8:43,C003,Customer 003,,"354,265.00",NaN,2/7/1997,Adelaide,Female,"149,874.00",2/4/2020,Single
P005,Premium Account,Membership Premium,8/9/2025 9:45,C003,Customer 003,"121,808.00","244,264.00",,2/7/1997,error,999999999,"149,874.00",2/4/2020,Single
P001,Term Deposit,Saver Premium,9/6/2025 2:59,C004,undefined,,"240,632.00",Call Center,27/9/1979,Bendigo,Other,"89,249.00",6/11/2020,Single
P002,Savings Account,Saver Basic,9/2/2025,C004,NULL,"101,409.00","110,015.00",Call Center,27/9/1979,Bendigo,Other,"89,249.00",6/11/2020,Single
P001,error,-9999,16/2/2025 4:47,C005,Customer 005,"94,254.00",-9999,App,7/10/1963,Wollongong,,,22/8/2020,Married
P005,-9999,999999999,6/7/2025,NaN,Customer 006,"127,438.00","206,611.00",Email,3/4/2004,Wollongong,???,"157,659.00",10/10/2020,Single
P003,Credit Card,Rewards Plus,13/1/2025,C006,Customer 006,"118,164.00","212,556.00",Email,3/4/2004,Wollongong,Other,"157,659.00",10/10/2020,NULL
-9999,Term Deposit,Saver Premium,4/6/2025 23:09,NULL,???,"98,593.00","165,715.00",undefined,3/4/2004,Wollongong,Other,999999999,10/10/2020,Single
P003,Credit Card,Rewards Plus,1/1/2025 10:48,-9999,Customer 007,"104,401.00","62,936.00",SMS,6/7/1992,Townsville,Male,"60,347.00",5/6/2020,Divorced
NaN,NULL,Saver Premium,29/5/2025 8:23,C008,Customer 008,"102,278.00","456,115.00",undefined,20/6/2004,Brisbane,Male,"110,762.00",19/8/2020,Single
P001,Term Deposit,Saver Premium,21/5/2025 1:17,C009,-9999,"74,874.00","332,903.00",Email,21/5/2004,Newcastle,999999999,"141,132.00",22/10/2020,Divorced
P003,999999999,Rewards Plus,18/3/2025 7:17,C009,Customer 009,"82,733.00","99,535.00",Email,21/5/2004,Newcastle,Other,"141,132.00",22/10/2020,Divorced
undefined,Savings Account,Saver Basic,11/7/2025 13:56,C009,999999999,,"478,897.00",undefined,21/5/2004,Newcastle,Other,"141,132.00",22/10/2020,undefined
P005,Premium Account,Membership Premium,11/2/2025,C010,,???,"322,392.00",Social,6/6/1989,Darwin,Female,"73,905.00",4/10/2020,Widowed
P002,Savings Account,Saver Basic,12/3/2025 20:55,NULL,Customer 010,"12,839.00",999999999,Social,6/6/1989,Darwin,Female,"73,905.00",4/10/2020,Widowed
P003,Credit Card,Rewards Plus,7/3/2025 5:30,C010,Customer 010,"73,858.00","156,118.00",Social,6/6/1989,,Female,"73,905.00",4/10/2020,unknown
P003,undefined,Rewards Plus,3/5/2025 9:30,,Customer 011,"103,381.00","62,779.00",Social,6/2/1991,Adelaide,Female,"112,986.00",13/8/2020,Divorced
P004,Home Loan,Variable Home Loan,27/3/2025 20:10,C011,Customer 011,"131,230.00","474,983.00",Social,6/2/1991,Adelaide,,"112,986.00",13/8/2020,Divorced
P005,Premium Account,Membership Premium,20/8/2025 10:48,NULL,Customer 012,"36,594.00","287,197.00",SMS,3/3/1974,Canberra,-9999,"167,130.00",5/3/2020,Married
P002,Savings Account,Saver Basic,9/4/2025 7:05,C012,Customer 012,"145,719.00","47,759.00",SMS,3/3/1974,Canberra,Male,"167,130.00",5/3/2020,Married
P002,error,Saver Basic,13/5/2025,C013,Customer 013,"108,208.00","200,717.00",Social,5/1/1978,Bendigo,Female,"72,896.00",18/7/2020,Single
P003,Credit Card,Rewards Plus,31/7/2025 23:33,C013,Customer 013,"70,841.00","177,315.00",Social,5/1/1978,Bendigo,Female,"72,896.00",18/7/2020,Single
P004,Home Loan,Variable Home Loan,23/5/2025 18:23,C014,,-9999,"277,466.00",App,13/9/2003,Toowoomba,Other,,13/7/2020,undefined
P002,Savings Account,???,8/5/2025,undefined,Customer 015,"113,203.00","163,586.00",999999999,4/3/1988,???,Other,"79,653.00",20/6/2020,Divorced
P001,Term Deposit,???,12/1/2025 4:02,C015,Customer 015,"124,064.00","307,849.00",Call Center,4/3/1988,Sydney,undefined,"79,653.00",20/6/2020,???
-9999,Premium Account,Membership Premium,8/9/2025 0:04,C015,Customer 015,"138,375.00","448,508.00",NULL,4/3/1988,Sydney,Other,"79,653.00",20/6/2020,Divorced
P004,Home Loan,Variable Home Loan,25/2/2025 7:09,C016,Customer 016,"28,544.00","493,612.00",,28/2/1961,,Female,"135,463.00",20/4/2020,NULL
P002,Savings Account,Saver Basic,23/8/2025,C016,Customer 016,error,NULL,Social,28/2/1961,Gold Coast,Female,"135,463.00",20/4/2020,NULL
P002,Savings Account,Saver Basic,20/1/2025 20:45,C017,Customer 017,"33,545.00","328,452.00",Call Center,16/8/1989,Wollongong,,"109,404.00",3/5/2020,Married
P005,Premium Account,Membership Premium,27/2/2025 3:04,,Customer 018,"50,253.00","203,466.00",undefined,17/4/1961,Sydney,Other,"118,142.00",5/6/2020,Single
NULL,,Variable Home Loan,14/5/2025,C018,,NaN,unknown,SMS,17/4/1961,,Other,"118,142.00",5/6/2020,Single
P004,Home Loan,Variable Home Loan,11/6/2025,C019,Customer 019,"124,598.00","275,921.00",NULL,6/6/1993,Ballarat,Other,"126,419.00",25/6/2020,Married
P003,Credit Card,NULL,1/5/2025 17:15,C019,Customer 019,"107,953.00","369,441.00",App,6/6/1993,Ballarat,Other,???,25/6/2020,Married
P003,Credit Card,Rewards Plus,10/4/2025,C020,Customer 020,"110,104.00","42,515.00",Social,26/12/1985,Geelong,Other,"47,596.00",7/4/2020,Divorced
P001,,,12/5/2025 7:42,C020,Customer 020,"97,050.00","118,901.00",Social,26/12/1985,NaN,Other,"47,596.00",7/4/2020,Divorced
P004,Home Loan,Variable Home Loan,10/9/2025 1:44,C020,,"110,246.00","189,959.00",NULL,26/12/1985,,Other,unknown,7/4/2020,Divorced
P004,Home Loan,Variable Home Loan,30/5/2025 23:54,C021,Customer 021,"53,796.00","259,887.00",Social,23/4/1976,Geelong,Female,"61,112.00",12/10/2020,Married
P002,Savings Account,error,13/4/2025,C021,Customer 021,"60,505.00",,Social,23/4/1976,999999999,Female,"61,112.00",12/10/2020,Married
P001,Term Deposit,Saver Premium,24/4/2025,C021,Customer 021,,"499,083.00",Social,23/4/1976,error,Female,,12/10/2020,Married
P004,Home Loan,Variable Home Loan,6/9/2025,C022,Customer 022,"38,373.00","483,353.00",Email,7/6/1972,Mackay,Male,,20/8/2020,Divorced
,999999999,Saver Basic,21/7/2025 1:13,C022,Customer 022,"37,201.00","217,781.00",Email,7/6/1972,Mackay,Male,"165,691.00",20/8/2020,NULL
NULL,error,Saver Premium,27/1/2025 22:03,,Customer 022,"117,870.00","470,898.00",Email,7/6/1972,Mackay,Male,???,20/8/2020,Divorced
P003,Credit Card,Rewards Plus,26/3/2025 10:12,C023,Customer 023,"137,572.00","391,280.00",Social,13/2/2002,Hobart,Female,"127,167.00",25/12/2020,unknown
P001,Term Deposit,Saver Premium,28/8/2025,-9999,Customer 023,,"439,944.00",Social,13/2/2002,Hobart,Female,"127,167.00",25/12/2020,Widowed
P004,Home Loan,,11/7/2025 10:28,C023,,NULL,"41,021.00",Social,13/2/2002,Hobart,,"127,167.00",25/12/2020,Widowed
P001,Term Deposit,Saver Premium,4/8/2025,C024,Customer 024,"54,369.00","199,297.00",App,3/12/1985,,Male,"79,623.00",6/12/2020,Widowed
P003,Credit Card,Rewards Plus,2/7/2025,C024,undefined,"23,005.00","25,825.00",App,3/12/1985,Adelaide,-9999,error,6/12/2020,error
P004,error,Variable Home Loan,17/8/2025 6:20,C025,Customer 025,"124,396.00","15,876.00",Call Center,16/10/1999,Ballarat,Male,"45,609.00",12/11/2020,Single
P002,Savings Account,Saver Basic,30/7/2025,undefined,Customer 025,"106,108.00",error,Call Center,16/10/1999,undefined,error,"45,609.00",12/11/2020,Single
P005,Premium Account,Membership Premium,12/7/2025 1:29,C025,Customer 025,,"134,750.00",Call Center,16/10/1999,Ballarat,Male,"45,609.00",12/11/2020,Single
P001,Term Deposit,999999999,23/6/2025 11:17,C026,???,"11,425.00","137,453.00",Call Center,28/7/1968,Sydney,Female,"95,778.00",27/4/2020,Married
P003,Credit Card,,2/1/2025 23:48,C027,NaN,"17,126.00","12,717.00",Call Center,18/5/1980,Geelong,Female,"175,465.00",27/7/2020,Married
P005,Premium Account,Membership Premium,30/4/2025,C027,Customer 027,"122,091.00","407,034.00",Call Center,18/5/1980,Geelong,Female,"175,465.00",27/7/2020,Married
,Savings Account,Saver Basic,17/7/2025 8:58,C027,Customer 027,"129,361.00","69,576.00",Call Center,18/5/1980,Geelong,Female,"175,465.00",27/7/2020,Married
P002,-9999,Saver Basic,5/6/2025 22:49,C028,Customer 028,"61,903.00","171,861.00",undefined,17/9/1969,Hobart,Other,"41,030.00",28/1/2020,Married
P001,Term Deposit,Saver Premium,13/6/2025,NULL,Customer 028,"20,713.00","268,375.00",App,17/9/1969,Hobart,Other,"41,030.00",28/1/2020,Married
P004,Home Loan,Variable Home Loan,23/3/2025 7:26,C029,Customer 029,"8,877.00","252,544.00",Email,20/8/1969,999999999,Other,"175,882.00",4/12/2020,NaN
P005,Premium Account,Membership Premium,7/8/2025 3:04,C030,Customer 030,"22,041.00","109,230.00",Social,8/1/1995,Perth,Other,"158,535.00",9/4/2020,NULL
P003,Credit Card,Rewards Plus,19/2/2025,C030,Customer 030,"117,168.00","90,802.00",Social,8/1/1995,Perth,error,"158,535.00",9/4/2020,Single
P001,Term Deposit,Saver Premium,30/4/2025 4:26,C030,Customer 030,error,NULL,Social,8/1/1995,NULL,Other,"158,535.00",9/4/2020,Single
P001,Term Deposit,Saver Premium,24/5/2025 18:17,C031,Customer 031,"68,245.00","104,432.00",Call Center,17/10/1980,Gold Coast,Female,"173,210.00",17/10/2020,Widowed
P003,Credit Card,Rewards Plus,13/8/2025 7:11,C031,Customer 031,"40,192.00","147,510.00",Call Center,17/10/1980,NaN,-9999,NaN,17/10/2020,Widowed
NULL,undefined,Saver Basic,7/4/2025 10:04,C031,Customer 031,"64,474.00","265,984.00",Call Center,17/10/1980,Gold Coast,???,"173,210.00",17/10/2020,Widowed
P002,Savings Account,Saver Basic,26/8/2025 1:06,C032,Customer 032,"60,585.00","440,693.00",Social,17/12/1975,Darwin,Female,"75,948.00",18/5/2020,Widowed
P001,NaN,NULL,18/8/2025,C032,Customer 032,,undefined,NULL,17/12/1975,Darwin,Female,"75,948.00",18/5/2020,
P003,Credit Card,Rewards Plus,26/1/2025,C032,Customer 032,NULL,999999999,Social,17/12/1975,Darwin,Female,unknown,18/5/2020,Widowed
P003,Credit Card,Rewards Plus,20/9/2025,NULL,Customer 033,NaN,"55,459.00",App,22/2/1980,Newcastle,undefined,"80,487.00",14/4/2020,Divorced
P005,Premium Account,Membership Premium,20/1/2025 11:21,C034,Customer 034,"53,471.00","133,648.00",App,15/3/1976,Cairns,NULL,"82,675.00",24/4/2020,-9999
undefined,Credit Card,Rewards Plus,20/1/2025,C034,NULL,undefined,,App,15/3/1976,Cairns,Female,"82,675.00",24/4/2020,Married
999999999,Term Deposit,Saver Premium,6/1/2025,C034,Customer 034,"48,534.00",unknown,,15/3/1976,Cairns,Female,"82,675.00",24/4/2020,Married
P001,Term Deposit,Saver Premium,17/1/2025 15:35,C035,Customer 035,undefined,"53,156.00",Social,13/9/1987,Wollongong,Male,undefined,14/6/2020,Widowed
P002,Savings Account,Saver Basic,22/7/2025 21:35,C035,Customer 035,"139,984.00","47,790.00",Social,13/9/1987,Wollongong,Male,"135,932.00",14/6/2020,Widowed
P002,Savings Account,NULL,19/5/2025,C036,Customer 036,???,"499,745.00",Email,11/7/1961,unknown,NULL,"99,914.00",20/9/2020,Single
P004,999999999,Variable Home Loan,27/1/2025 9:47,C036,-9999,"93,633.00","217,097.00",Email,11/7/1961,Brisbane,Male,"99,914.00",20/9/2020,
P003,-9999,Rewards Plus,2/8/2025,???,Customer 036,"95,363.00","337,892.00",Email,11/7/1961,Brisbane,Male,???,20/9/2020,Single
P004,Home Loan,Variable Home Loan,27/7/2025 6:00,C037,Customer 037,"41,043.00",NULL,NaN,2/5/1976,Townsville,,"107,792.00",9/3/2020,Widowed
P001,Term Deposit,NaN,27/7/2025 18:56,C038,Customer 038,"42,610.00","68,144.00",Email,2/5/1965,NaN,Female,,6/12/2020,Divorced
P001,???,Saver Premium,14/3/2025,C039,Customer 039,"23,338.00","300,345.00",Call Center,3/4/1998,Sydney,error,"149,513.00",28/5/2020,Divorced
P003,Credit Card,NULL,28/6/2025 9:10,C040,Customer 040,"17,589.00",NaN,SMS,17/1/1968,Hobart,Female,NaN,8/12/2020,Divorced
P002,Savings Account,Saver Basic,16/7/2025,C040,NULL,"51,731.00","158,133.00",SMS,17/1/1968,Hobart,Female,"53,206.00",8/12/2020,Divorced
P001,,,6/3/2025 1:58,C040,Customer 040,NULL,"318,580.00",SMS,17/1/1968,Hobart,Female,"53,206.00",8/12/2020,Divorced
,Home Loan,Variable Home Loan,24/3/2025,C041,Customer 041,"106,033.00","322,295.00",Email,10/4/1993,Gold Coast,undefined,"44,761.00",17/8/2020,Single
,Term Deposit,Saver Premium,11/4/2025 15:11,C041,Customer 041,error,"209,581.00",Email,10/4/1993,Gold Coast,Female,"44,761.00",17/8/2020,Single
P003,Credit Card,,23/9/2025 5:24,C041,Customer 041,"39,181.00",NULL,Email,10/4/1993,Gold Coast,-9999,"44,761.00",17/8/2020,Single
P002,Savings Account,Saver Basic,20/1/2025 21:53,C042,Customer 042,"102,193.00","314,321.00",Social,17/12/1961,Canberra,Female,,7/9/2020,
P001,Term Deposit,Saver Premium,22/8/2025,C042,Customer 042,,"340,277.00",Social,17/12/1961,Canberra,Female,"67,861.00",7/9/2020,error
P003,Credit Card,Rewards Plus,4/8/2025 9:37,C042,,"102,029.00","345,423.00",Social,17/12/1961,Canberra,Female,"67,861.00",7/9/2020,Widowed
P004,???,Variable Home Loan,2/4/2025,999999999,Customer 043,"128,319.00","243,937.00",undefined,17/7/1994,NULL,Female,error,23/5/2020,-9999
P005,Premium Account,Membership Premium,1/5/2025,C043,Customer 043,NULL,"438,590.00",Social,17/7/1994,Canberra,NULL,"92,068.00",23/5/2020,Married
P004,Home Loan,Variable Home Loan,24/7/2025 3:04,C044,???,"112,878.00","191,539.00",Call Center,27/1/1982,Gold Coast,Female,"82,794.00",1/3/2020,Widowed
P004,NULL,NULL,16/9/2025 16:42,C045,Customer 045,"34,149.00","43,117.00",SMS,20/5/2002,NULL,undefined,"81,296.00",23/4/2020,Single
P003,Credit Card,Rewards Plus,16/9/2025,C046,,"35,700.00","13,556.00",Social,18/6/1983,Newcastle,Male,"133,476.00",8/6/2020,Divorced
P001,Term Deposit,Saver Premium,3/2/2025,C046,unknown,"28,727.00","101,558.00",NULL,18/6/1983,Newcastle,,"133,476.00",8/6/2020,Divorced
P004,Home Loan,Variable Home Loan,9/3/2025,C046,Customer 046,"43,282.00","359,731.00",Social,18/6/1983,Newcastle,999999999,"133,476.00",8/6/2020,Divorced
NULL,Savings Account,Saver Basic,10/5/2025,C047,Customer 047,"72,087.00","474,513.00",NULL,9/8/1965,Launceston,Male,"63,816.00",21/9/2020,Single
P001,Term Deposit,Saver Premium,22/8/2025 4:16,,Customer 047,"125,857.00","109,221.00",App,9/8/1965,Launceston,Male,,21/9/2020,Single
P005,Premium Account,Membership Premium,15/5/2025 19:32,C047,Customer 047,"97,587.00","19,311.00",App,9/8/1965,Launceston,Male,"63,816.00",21/9/2020,Single
P002,Savings Account,Saver Basic,26/7/2025,,Customer 048,"85,937.00","469,454.00",Call Center,2/10/1985,Canberra,,"178,723.00",1/7/2020,Married
P002,Savings Account,Saver Basic,28/2/2025,C049,Customer 049,"94,313.00","457,678.00",Call Center,24/6/1984,Mackay,Other,"77,945.00",5/8/2020,Widowed
NULL,Credit Card,Rewards Plus,20/8/2025 17:33,C049,Customer 049,"27,422.00","132,137.00",Call Center,24/6/1984,Mackay,Other,"77,945.00",5/8/2020,
P004,Home Loan,Variable Home Loan,12/7/2025 11:36,C050,Customer 050,error,"400,891.00",-9999,25/9/1968,NULL,Other,"100,277.00",19/9/2020,Single
NULL,Credit Card,NULL,11/2/2025 14:14,C050,Customer 050,"12,659.00","155,390.00",App,25/9/1968,Sydney,,"100,277.00",19/9/2020,Single
P002,Savings Account,Saver Basic,22/9/2025,,Customer 050,"81,959.00","384,323.00",NULL,25/9/1968,error,Other,"100,277.00",19/9/2020,999999999